Subreddit,Link

RoboticsEngineering,https://www.reddit.com/r/RoboticsEngineering
robot,https://www.reddit.com/r/robot
robotech,https://www.reddit.com/r/robotech
robotics,https://www.reddit.com/r/robotics
roboticsresearch,https://www.reddit.com/r/roboticsresearch
robots,https://www.reddit.com/r/robots
robotwars,https://www.reddit.com/r/robotwars
science,https://www.reddit.com/r/science
space,https://www.reddit.com/r/space
tech,https://www.reddit.com/r/tech
technology,https://www.reddit.com/r/technology
